SNP,Trait,Risk Allele,Chromosome
rs1018326,CELIAC DISEASE,C,2
rs1032355,CELIAC DISEASE,C,4
rs10800746,CELIAC DISEASE,C,1
rs10806425,CELIAC DISEASE,A,6
rs10886159,CELIAC DISEASE,C,10
rs11221332,CELIAC DISEASE,A,11
rs11875687,CELIAC DISEASE,C,18
rs1250552,CELIAC DISEASE,A,10
rs12727642,CELIAC DISEASE,A,1
rs12734338,CELIAC DISEASE,C,1
rs13003464,CELIAC DISEASE,G,2
rs13010713,CELIAC DISEASE,G,2
rs13128441,CELIAC DISEASE,C,4
rs13132308,CELIAC DISEASE,A,4
rs13314993,CELIAC DISEASE,C,3
rs1359062,CELIAC DISEASE,G,1
rs1464510,CELIAC DISEASE,A,3
rs157640,CELIAC DISEASE,G,20
rs17264332,CELIAC DISEASE,G,6
rs17760268,CELIAC DISEASE,C,17
rs17810546,CELIAC DISEASE,G,3
rs182429,CELIAC DISEASE,A,6
rs1893217,CELIAC DISEASE,G,18
rs195656,CELIAC DISEASE,A,16
rs1958589,CELIAC DISEASE,C,14
rs2030519,CELIAC DISEASE,A,3
rs2068824,CELIAC DISEASE,C,1
rs2327832,CELIAC DISEASE,G,6
rs2605393,CELIAC DISEASE,G,3
rs2664156,CELIAC DISEASE,C,19
rs3184504,CELIAC DISEASE,C,12
rs424232,CELIAC DISEASE,C,6
rs4445406,CELIAC DISEASE,T,1
rs4678523,CELIAC DISEASE,C,3
rs4930144,CELIAC DISEASE,A,11
rs55743914,CELIAC DISEASE,T,6
rs58911644,CELIAC DISEASE,A,21
rs61579022,CELIAC DISEASE,A,3
rs61907765,CELIAC DISEASE,T,11
rs6822844,CELIAC DISEASE,G,4
rs6974491,CELIAC DISEASE,A,7
rs72657048,CELIAC DISEASE,G,1
rs7616215,CELIAC DISEASE,C,3
rs7753008,CELIAC DISEASE,C,6
rs802734,CELIAC DISEASE,G,6
rs917997,CELIAC DISEASE,A,2
rs990171,CELIAC DISEASE,A,2